Handle,Title,Body (HTML),Vendor,Type,Tags,Published,Option1 Name,Option1 Value,Variant SKU,Variant Price,Variant Weight Unit,Variant Image
ra57-1,Round Brilliant - 11.04 Carat,"Diamond with VVS2 clarity and IDEAL cut.<br><iframe src=""https://workshop.360view.link/360viewer/360view.html?d=0212244-RA-57-1-"" width=""100%"" height=""500px""></iframe>",Evening Mall,Diamond,"F, VVS2, IDEAL",True,Weight,11.04,RA57 1,569,g,https://workshop.360view.link/360viewer/360view.html?d=0212244-RA-57-1-
ra76-1,Round Brilliant - 10.07 Carat,"Diamond with VS1 clarity and IDEAL cut.<br><iframe src=""https://workshop.360view.link/360viewer/360view.html?d=1102250-RA-76-1-D"" width=""100%"" height=""500px""></iframe>",Evening Mall,Diamond,"F, VS1, IDEAL",True,Weight,10.07,RA76 1,269,g,https://workshop.360view.link/360viewer/360view.html?d=1102250-RA-76-1-D
ra87-3,Round Brilliant - 10.05 Carat,"Diamond with VS2 clarity and IDEAL cut.<br><iframe src=""https://workshop.360view.link/360viewer/360view.html?d=0602258-RA-87-3"" width=""100%"" height=""500px""></iframe>",Evening Mall,Diamond,"E, VS2, IDEAL",True,Weight,10.05,RA87 3,289,g,https://workshop.360view.link/360viewer/360view.html?d=0602258-RA-87-3
ra87-18,Round Brilliant - 9.05 Carat,"Diamond with SI1 clarity and IDEAL cut.<br><iframe src=""https://workshop.360view.link/360viewer/360view.html?d=1302253-RA-87-18"" width=""100%"" height=""500px""></iframe>",Evening Mall,Diamond,"G, SI1, IDEAL",True,Weight,9.05,RA87 18,199,g,https://workshop.360view.link/360viewer/360view.html?d=1302253-RA-87-18
ra87-11,Round Brilliant - 8.08 Carat,Diamond with VS2 clarity and Ideal cut.<br>,Evening Mall,Diamond,"F, VS2, Ideal",True,Weight,8.08,RA87 11,229,g,
ra95-3,Round Brilliant - 7.06 Carat,"Diamond with VVS2 clarity and IDEAL cut.<br><iframe src=""https://workshop.360view.link/360viewer/360view.html?d=2702255-RA-95-3"" width=""100%"" height=""500px""></iframe>",Evening Mall,Diamond,"E, VVS2, IDEAL",True,Weight,7.06,RA95 3,319,g,https://workshop.360view.link/360viewer/360view.html?d=2702255-RA-95-3
ra95-5,Round Brilliant - 7.04 Carat,"Diamond with VVS2 clarity and IDEAL cut.<br><iframe src=""https://workshop.360view.link/360viewer/360view.html?d=2702254-RA-95-5"" width=""100%"" height=""500px""></iframe>",Evening Mall,Diamond,"E, VVS2, IDEAL",True,Weight,7.04,RA95 5,249,g,https://workshop.360view.link/360viewer/360view.html?d=2702254-RA-95-5
ra79-2,Round Brilliant - 6.04 Carat,"Diamond with VVS2 clarity and IDEAL cut.<br><iframe src=""https://workshop.360view.link/360viewer/360view.html?d=0302251-RA79-2"" width=""100%"" height=""500px""></iframe>",Evening Mall,Diamond,"G, VVS2, IDEAL",True,Weight,6.04,RA79 2,209,g,https://workshop.360view.link/360viewer/360view.html?d=0302251-RA79-2
ra79-7,Round Brilliant - 6.03 Carat,"Diamond with VVS2 clarity and IDEAL cut.<br><iframe src=""https://workshop.360view.link/360viewer/360view.html?d=0702258-RA79-7"" width=""100%"" height=""500px""></iframe>",Evening Mall,Diamond,"F, VVS2, IDEAL",True,Weight,6.03,RA79 7,229,g,https://workshop.360view.link/360viewer/360view.html?d=0702258-RA79-7
ra86-3,Round Brilliant - 6.01 Carat,"Diamond with VVS2 clarity and IDEAL cut.<br><iframe src=""https://workshop.360view.link/360viewer/360view.html?d=1402253-RA-86-3"" width=""100%"" height=""500px""></iframe>",Evening Mall,Diamond,"F, VVS2, IDEAL",True,Weight,6.01,RA86 3,219,g,https://workshop.360view.link/360viewer/360view.html?d=1402253-RA-86-3
ra93-1,Round Brilliant - 6.09 Carat,"Diamond with VVS2 clarity and IDEAL cut.<br><iframe src=""https://workshop.360view.link/360viewer/360view.html?d=2702253-RA-93-31"" width=""100%"" height=""500px""></iframe>",Evening Mall,Diamond,"E, VVS2, IDEAL",True,Weight,6.09,RA93 1,225,g,https://workshop.360view.link/360viewer/360view.html?d=2702253-RA-93-31
ra96-47,Round Brilliant - 6.02 Carat,"Diamond with VVS2 clarity and IDEAL cut.<br><iframe src=""https://workshop.360view.link/360viewer/360view.html?d=2702250-RA-96-47"" width=""100%"" height=""500px""></iframe>",Evening Mall,Diamond,"E, VVS2, IDEAL",True,Weight,6.02,RA96 47,234,g,https://workshop.360view.link/360viewer/360view.html?d=2702250-RA-96-47
ra93-4,Round Brilliant - 6.01 Carat,"Diamond with VVS2 clarity and IDEAL cut.<br><iframe src=""https://workshop.360view.link/360viewer/360view.html?d=2702250-RA93-4"" width=""100%"" height=""500px""></iframe>",Evening Mall,Diamond,"E, VVS2, IDEAL",True,Weight,6.01,RA93 4,225,g,https://workshop.360view.link/360viewer/360view.html?d=2702250-RA93-4
ra90-11,Round Brilliant - 6.05 Carat,"Diamond with VVS2 clarity and IDEAL cut.<br><iframe src=""https://workshop.360view.link/360viewer/360view.html?d=1102252-RA9011"" width=""100%"" height=""500px""></iframe>",Evening Mall,Diamond,"D, VVS2, IDEAL",True,Weight,6.05,RA90 11,529,g,https://workshop.360view.link/360viewer/360view.html?d=1102252-RA9011
ra80-9,Round Brilliant - 5.54 Carat,"Diamond with VVS2 clarity and EX cut.<br><iframe src=""https://workshop.360view.link/360viewer/360view.html?d=0602254-RA80-9"" width=""100%"" height=""500px""></iframe>",Evening Mall,Diamond,"G, VVS2, EX",True,Weight,5.54,RA80 9,169,g,https://workshop.360view.link/360viewer/360view.html?d=0602254-RA80-9
ra99-33,Round Brilliant - 5.08 Carat,"Diamond with VVS2 clarity and IDEAL cut.<br><iframe src=""https://workshop.360view.link/360viewer/360view.html?d=2702252-RA-99-33"" width=""100%"" height=""500px""></iframe>",Evening Mall,Diamond,"G, VVS2, IDEAL",True,Weight,5.08,RA99 33,169,g,https://workshop.360view.link/360viewer/360view.html?d=2702252-RA-99-33
ra99-53,Round Brilliant - 5.02 Carat,"Diamond with VVS2 clarity and IDEAL cut.<br><iframe src=""https://workshop.360view.link/360viewer/360view.html?d=2502251-RA-99-53"" width=""100%"" height=""500px""></iframe>",Evening Mall,Diamond,"G, VVS2, IDEAL",True,Weight,5.02,RA99 53,169,g,https://workshop.360view.link/360viewer/360view.html?d=2502251-RA-99-53
ra68-8,Round Brilliant - 5.0 Carat,Diamond with VS1 clarity and EX cut.<br>,Evening Mall,Diamond,"G, VS1, EX",True,Weight,5.0,RA68 8,149,g,
ra84-20,Round Brilliant - 5.0 Carat,Diamond with VS1 clarity and Excellent cut.<br>,Evening Mall,Diamond,"G, VS1, Excellent",True,Weight,5.0,RA84 20,149,g,
ra84-13,Round Brilliant - 5.0 Carat,Diamond with VVS2 clarity and IDEAL cut.<br>,Evening Mall,Diamond,"G, VVS2, IDEAL",True,Weight,5.0,RA84 13,189,g,
ra84-12,Round Brilliant - 5.05 Carat,Diamond with VVS2 clarity and IDEAL cut.<br>,Evening Mall,Diamond,"E, VVS2, IDEAL",True,Weight,5.05,RA84 12,229,g,
ra90-4,Round Brilliant - 5.04 Carat,Diamond with VS2 clarity and IDEAL cut.<br>,Evening Mall,Diamond,"E, VS2, IDEAL",True,Weight,5.04,RA90 4,149,g,
ra96-11,Round Brilliant - 5.0 Carat,Diamond with VS2 clarity and Excellent cut.<br>,Evening Mall,Diamond,"E, VS2, Excellent",True,Weight,5.0,RA96 11,149,g,
ra93-3,Round Brilliant - 5.07 Carat,"Diamond with VVS2 clarity and IDEAL cut.<br><iframe src=""https://workshop.360view.link/360viewer/360view.html?d=2702256-RA93-3"" width=""100%"" height=""500px""></iframe>",Evening Mall,Diamond,"D, VVS2, IDEAL",True,Weight,5.07,RA93 3,339,g,https://workshop.360view.link/360viewer/360view.html?d=2702256-RA93-3
ra84-9,Round Brilliant - 5.01 Carat,"Diamond with VVS2 clarity and IDEAL cut.<br><iframe src=""https://workshop.360view.link/360viewer/360view.html?d=0302255-RA84-9"" width=""100%"" height=""500px""></iframe>",Evening Mall,Diamond,"D, VVS2, IDEAL",True,Weight,5.01,RA84 9,339,g,https://workshop.360view.link/360viewer/360view.html?d=0302255-RA84-9
ra48-13,Round Brilliant - 4.5 Carat,"Diamond with VVS2 clarity and IDEAL cut.<br><iframe src=""https://workshop.360view.link/360viewer/360view.html?d=1410241-ra-48-13"" width=""100%"" height=""500px""></iframe>",Evening Mall,Diamond,"G, VVS2, IDEAL",True,Weight,4.5,RA48 13,139,g,https://workshop.360view.link/360viewer/360view.html?d=1410241-ra-48-13
ra91-19,Round Brilliant - 4.04 Carat,"Diamond with VVS2 clarity and IDEAL cut.<br><iframe src=""https://workshop.360view.link/360viewer/360view.html?d=2402256-RA91-19"" width=""100%"" height=""500px""></iframe>",Evening Mall,Diamond,"G, VVS2, IDEAL",True,Weight,4.04,RA91 19,139,g,https://workshop.360view.link/360viewer/360view.html?d=2402256-RA91-19
ra99-16d,Round Brilliant - 4.03 Carat,Diamond with VVS2 clarity and IDEAL cut.<br>,Evening Mall,Diamond,"G, VVS2, IDEAL",True,Weight,4.03,RA99 16D,139,g,
ra67-7,Round Brilliant - 4.59 Carat,Diamond with VVS2 clarity and IDEAL cut.<br>,Evening Mall,Diamond,"F, VVS2, IDEAL",True,Weight,4.59,RA67 7,169,g,
ra91-27,Round Brilliant - 4.58 Carat,"Diamond with VVS2 clarity and IDEAL cut.<br><iframe src=""https://workshop.360view.link/360viewer/360view.html?d=1902250-RA91-27"" width=""100%"" height=""500px""></iframe>",Evening Mall,Diamond,"F, VVS2, IDEAL",True,Weight,4.58,RA91 27,169,g,https://workshop.360view.link/360viewer/360view.html?d=1902250-RA91-27
ra89-12,Round Brilliant - 4.58 Carat,"Diamond with VVS2 clarity and IDEAL cut.<br><iframe src=""https://workshop.360view.link/360viewer/360view.html?d=2702255-RA-89-12"" width=""100%"" height=""500px""></iframe>",Evening Mall,Diamond,"F, VVS2, IDEAL",True,Weight,4.58,RA89 12,179,g,https://workshop.360view.link/360viewer/360view.html?d=2702255-RA-89-12
ra87-10,Round Brilliant - 4.56 Carat,"Diamond with VVS2 clarity and IDEAL cut.<br><iframe src=""https://workshop.360view.link/360viewer/360view.html?d=2502258-RA87-10"" width=""100%"" height=""500px""></iframe>",Evening Mall,Diamond,"F, VVS2, IDEAL",True,Weight,4.56,RA87 10,189,g,https://workshop.360view.link/360viewer/360view.html?d=2502258-RA87-10
ra97-50,Round Brilliant - 4.05 Carat,"Diamond with SI1 clarity and IDEAL cut.<br><iframe src=""https://workshop.360view.link/360viewer/360view.html?d=2802258-RA97-50"" width=""100%"" height=""500px""></iframe>",Evening Mall,Diamond,"F, SI1, IDEAL",True,Weight,4.05,RA97 50,119,g,https://workshop.360view.link/360viewer/360view.html?d=2802258-RA97-50
ra91-26,Round Brilliant - 4.05 Carat,Diamond with VS1 clarity and IDEAL cut.<br>,Evening Mall,Diamond,"F, VS1, IDEAL",True,Weight,4.05,RA91 26,129,g,
ra91-8,Round Brilliant - 4.04 Carat,Diamond with VS1 clarity and IDEAL cut.<br>,Evening Mall,Diamond,"F, VS1, IDEAL",True,Weight,4.04,RA91 8,129,g,
ra77-63,Round Brilliant - 4.0 Carat,"Diamond with VVS2 clarity and VG cut.<br><iframe src=""https://workshop.360view.link/360viewer/360view.html?d=2101252-ra77-63"" width=""100%"" height=""500px""></iframe>",Evening Mall,Diamond,"F, VVS2, VG",True,Weight,4.0,RA77 63,139,g,https://workshop.360view.link/360viewer/360view.html?d=2101252-ra77-63
ra91-41,Round Brilliant - 4.0 Carat,Diamond with VVS2 clarity and EX cut.<br>,Evening Mall,Diamond,"F, VVS2, EX",True,Weight,4.0,RA91 41,149,g,
ra91-42,Round Brilliant - 4.0 Carat,Diamond with VS2 clarity and Ideal cut.<br>,Evening Mall,Diamond,"F, VS2, Ideal",True,Weight,4.0,RA91 42,119,g,
ra89-7a,Round Brilliant - 4.57 Carat,"Diamond with VS1 clarity and IDEAL cut.<br><iframe src=""https://workshop.360view.link/360viewer/360view.html?d=2502250-RA89-7A"" width=""100%"" height=""500px""></iframe>",Evening Mall,Diamond,"E, VS1, IDEAL",True,Weight,4.57,RA89 7A,139,g,https://workshop.360view.link/360viewer/360view.html?d=2502250-RA89-7A
ra97-14,Round Brilliant - 4.51 Carat,"Diamond with VS2 clarity and IDEAL cut.<br><iframe src=""https://workshop.360view.link/360viewer/360view.html?d=2402252-RA97-14"" width=""100%"" height=""500px""></iframe>",Evening Mall,Diamond,"E, VS2, IDEAL",True,Weight,4.51,RA97 14,129,g,https://workshop.360view.link/360viewer/360view.html?d=2402252-RA97-14
ra97-15,Round Brilliant - 4.5 Carat,"Diamond with VS1 clarity and IDEAL cut.<br><iframe src=""https://workshop.360view.link/360viewer/360view.html?d=2502257-RA97-15"" width=""100%"" height=""500px""></iframe>",Evening Mall,Diamond,"E, VS1, IDEAL",True,Weight,4.5,RA97 15,139,g,https://workshop.360view.link/360viewer/360view.html?d=2502257-RA97-15
ra89-2a,Round Brilliant - 4.01 Carat,Diamond with VS1 clarity and Excellent cut.<br>,Evening Mall,Diamond,"E, VS1, Excellent",True,Weight,4.01,RA89 2A,139,g,
ra96-13,Round Brilliant - 4.01 Carat,"Diamond with VVS2 clarity and EX cut.<br><iframe src=""https://workshop.360view.link/360viewer/360view.html?d=2502255-RA96-13"" width=""100%"" height=""500px""></iframe>",Evening Mall,Diamond,"D, VVS2, EX",True,Weight,4.01,RA96 13,169,g,https://workshop.360view.link/360viewer/360view.html?d=2502255-RA96-13
ra96-9,Round Brilliant - 4.0 Carat,"Diamond with VS1 clarity and IDEAL cut.<br><iframe src=""https://workshop.360view.link/360viewer/360view.html?d=2502251-RA-96-9"" width=""100%"" height=""500px""></iframe>",Evening Mall,Diamond,"D, VS1, IDEAL",True,Weight,4.0,RA96 9,159,g,https://workshop.360view.link/360viewer/360view.html?d=2502251-RA-96-9
ra8-10,Round Brilliant - 3.5 Carat,"Diamond with VS1 clarity and IDEAL cut.<br><iframe src=""https://workshop.360view.link/360viewer/360view.html?d=2112243-RA8-10"" width=""100%"" height=""500px""></iframe>",Evening Mall,Diamond,"H, VS1, IDEAL",True,Weight,3.5,RA8 10,129,g,https://workshop.360view.link/360viewer/360view.html?d=2112243-RA8-10
ra97-46,Round Brilliant - 3.04 Carat,"Diamond with VS1 clarity and IDEAL cut.<br><iframe src=""https://workshop.360view.link/360viewer/360view.html?d=2502251-RA97-46"" width=""100%"" height=""500px""></iframe>",Evening Mall,Diamond,"H, VS1, IDEAL",True,Weight,3.04,RA97 46,119,g,https://workshop.360view.link/360viewer/360view.html?d=2502251-RA97-46
ra91-11,Round Brilliant - 3.08 Carat,"Diamond with VVS2 clarity and IDEAL cut.<br><iframe src=""https://workshop.360view.link/360viewer/360view.html?d=2102253-RA91-11"" width=""100%"" height=""500px""></iframe>",Evening Mall,Diamond,"G, VVS2, IDEAL",True,Weight,3.08,RA91 11,129,g,https://workshop.360view.link/360viewer/360view.html?d=2102253-RA91-11
ra77-69,Round Brilliant - 3.59 Carat,Diamond with VS1 clarity and IDEAL cut.<br>,Evening Mall,Diamond,"F, VS1, IDEAL",True,Weight,3.59,RA77 69,139,g,
ra97-7,Round Brilliant - 3.57 Carat,Diamond with VS1 clarity and IDEAL cut.<br>,Evening Mall,Diamond,"F, VS1, IDEAL",True,Weight,3.57,RA97 7,149,g,
ra92-66,Round Brilliant - 3.05 Carat,Diamond with VS1 clarity and Ideal cut.<br>,Evening Mall,Diamond,"F, VS1, Ideal",True,Weight,3.05,RA92 66,149,g,
ra92-116,Round Brilliant - 3.03 Carat,Diamond with VS1 clarity and Ideal cut.<br>,Evening Mall,Diamond,"F, VS1, Ideal",True,Weight,3.03,RA92 116,149,g,
ra92-92,Round Brilliant - 3.59 Carat,Diamond with VS1 clarity and Ideal cut.<br>,Evening Mall,Diamond,"E, VS1, Ideal",True,Weight,3.59,RA92 92,129,g,
ra92-156,Round Brilliant - 3.07 Carat,Diamond with VS2 clarity and Ideal cut.<br>,Evening Mall,Diamond,"E, VS2, Ideal",True,Weight,3.07,RA92 156,129,g,
ra91-50,Round Brilliant - 3.07 Carat,Diamond with VVS2 clarity and Ideal cut.<br>,Evening Mall,Diamond,"E, VVS2, Ideal",True,Weight,3.07,RA91 50,149,g,
ra92-70,Round Brilliant - 3.05 Carat,"Diamond with VS2 clarity and IDEAL cut.<br><iframe src=""https://workshop.360view.link/360viewer/360view.html?d=0103255-RA92-70"" width=""100%"" height=""500px""></iframe>",Evening Mall,Diamond,"E, VS2, IDEAL",True,Weight,3.05,RA92 70,129,g,https://workshop.360view.link/360viewer/360view.html?d=0103255-RA92-70
ra92-127,Round Brilliant - 3.04 Carat,Diamond with VS1 clarity and Ideal cut.<br>,Evening Mall,Diamond,"E, VS1, Ideal",True,Weight,3.04,RA92 127,139,g,
ra97-26,Round Brilliant - 3.03 Carat,Diamond with VS1 clarity and Ideal cut.<br>,Evening Mall,Diamond,"E, VS1, Ideal",True,Weight,3.03,RA97 26,139,g,
ra75-1,Round Brilliant - 3.56 Carat,"Diamond with VVS2 clarity and IDEAL cut.<br><iframe src=""https://workshop.360view.link/360viewer/360view.html?d=1502252-RA75-1"" width=""100%"" height=""500px""></iframe>",Evening Mall,Diamond,"D, VVS2, IDEAL",True,Weight,3.56,RA75 1,159,g,https://workshop.360view.link/360viewer/360view.html?d=1502252-RA75-1
ra96-46,Round Brilliant - 3.56 Carat,"Diamond with VVS2 clarity and IDEAL cut.<br><iframe src=""https://workshop.360view.link/360viewer/360view.html?d=2802258-RA-96-46"" width=""100%"" height=""500px""></iframe>",Evening Mall,Diamond,"D, VVS2, IDEAL",True,Weight,3.56,RA96 46,169,g,https://workshop.360view.link/360viewer/360view.html?d=2802258-RA-96-46
ra96-4,Round Brilliant - 3.5 Carat,"Diamond with VVS2 clarity and IDEAL cut.<br><iframe src=""https://workshop.360view.link/360viewer/360view.html?d=2702251-RA96-4"" width=""100%"" height=""500px""></iframe>",Evening Mall,Diamond,"D, VVS2, IDEAL",True,Weight,3.5,RA96 4,159,g,https://workshop.360view.link/360viewer/360view.html?d=2702251-RA96-4
ra92-133,Round Brilliant - 3.05 Carat,Diamond with VS2 clarity and Ideal cut.<br>,Evening Mall,Diamond,"D, VS2, Ideal",True,Weight,3.05,RA92 133,129,g,
ra92-16,Round Brilliant - 3.01 Carat,Diamond with VS1 clarity and Excellent cut.<br>,Evening Mall,Diamond,"D, VS1, Excellent",True,Weight,3.01,RA92 16,139,g,
ra92-130,Round Brilliant - 3.0 Carat,Diamond with VS1 clarity and Excellent cut.<br>,Evening Mall,Diamond,"D, VS1, Excellent",True,Weight,3.0,RA92 130,139,g,
ra92-26,Round Brilliant - 2.52 Carat,Diamond with VS1 clarity and IDEAL cut.<br>,Evening Mall,Diamond,"F, VS1, IDEAL",True,Weight,2.52,RA92 26,139,g,
ra91-13a,Round Brilliant - 2.09 Carat,Diamond with VVS2 clarity and IDEAL cut.<br>,Evening Mall,Diamond,"F, VVS2, IDEAL",True,Weight,2.09,RA91 13A,139,g,
ra88-44,Round Brilliant - 2.58 Carat,Diamond with VS1 clarity and Ideal cut.<br>,Evening Mall,Diamond,"E, VS1, Ideal",True,Weight,2.58,RA88 44,139,g,
ra92-44,Round Brilliant - 2.57 Carat,Diamond with VS2 clarity and Excellent cut.<br>,Evening Mall,Diamond,"E, VS2, Excellent",True,Weight,2.57,RA92 44,129,g,
ra88-35a,Round Brilliant - 2.07 Carat,Diamond with VS1 clarity and Ideal cut.<br>,Evening Mall,Diamond,"E, VS1, Ideal",True,Weight,2.07,RA88 35A,139,g,
ra92-50,Round Brilliant - 2.05 Carat,Diamond with VS1 clarity and Ideal cut.<br>,Evening Mall,Diamond,"E, VS1, Ideal",True,Weight,2.05,RA92 50,149,g,
ra92-151,Round Brilliant - 2.01 Carat,Diamond with VVS2 clarity and Ideal cut.<br>,Evening Mall,Diamond,"E, VVS2, Ideal",True,Weight,2.01,RA92 151,149,g,
ra91-15a,Round Brilliant - 2.0 Carat,Diamond with VS1 clarity and Ideal cut.<br>,Evening Mall,Diamond,"E, VS1, Ideal",True,Weight,2.0,RA91 15A,156,g,
ra75-25,Round Brilliant - 2.59 Carat,"Diamond with VVS2 clarity and IDEAL cut.<br><iframe src=""https://workshop.360view.link/360viewer/360view.html?d=1802250-RA75-25"" width=""100%"" height=""500px""></iframe>",Evening Mall,Diamond,"D, VVS2, IDEAL",True,Weight,2.59,RA75 25,159,g,https://workshop.360view.link/360viewer/360view.html?d=1802250-RA75-25
ra62-157,Round Brilliant - 2.06 Carat,Diamond with VVS2 clarity and Ideal cut.<br>,Evening Mall,Diamond,"D, VVS2, Ideal",True,Weight,2.06,RA62 157,159,g,
ra92-30,Round Brilliant - 2.04 Carat,Diamond with VS2 clarity and Ideal cut.<br>,Evening Mall,Diamond,"D, VS2, Ideal",True,Weight,2.04,RA92 30,129,g,
ra92-23,Round Brilliant - 2.01 Carat,Diamond with SI1 clarity and Ideal cut.<br>,Evening Mall,Diamond,"D, SI1, Ideal",True,Weight,2.01,RA92 23,139,g,
ra92-24,Round Brilliant - 2.0 Carat,Diamond with VS1 clarity and Ideal cut.<br>,Evening Mall,Diamond,"D, VS1, Ideal",True,Weight,2.0,RA92 24,139,g,
ra76-1a,Round Brilliant - 1.43 Carat,Diamond with VS2 clarity and Excellent cut.<br>,Evening Mall,Diamond,"E, VS2, Excellent",True,Weight,1.43,RA76 1A,129,g,
ra92-123a,Round Brilliant - 1.03 Carat,Diamond with VS1 clarity and Ideal cut.<br>,Evening Mall,Diamond,"E, VS1, Ideal",True,Weight,1.03,RA92 123A,129,g,
ra96-20a,Round Brilliant - 1.5 Carat,Diamond with VS1 clarity and Excellent cut.<br>,Evening Mall,Diamond,"D, VS1, Excellent",True,Weight,1.5,RA96 20A,139,g,
ra90-8a,Round Brilliant - 1.04 Carat,Diamond with VVS2 clarity and Ideal cut.<br>,Evening Mall,Diamond,"D, VVS2, Ideal",True,Weight,1.04,RA90 8A,139,g,
ra89-11ac,Round Brilliant - 1.0 Carat,Diamond with VS1 clarity and VG cut.<br>,Evening Mall,Diamond,"D, VS1, VG",True,Weight,1.0,RA89 11AC,149,g,
ra82-1,RADIANT - 10.03 Carat,"<iframe src=""https://workshop.360view.link/360viewer/360view.html?d=0802253-RA-82-1-"" width=""100%"" height=""500px""></iframe>",Evening Mall,Diamond,,True,Weight,10.03,RA82 1,209,g,https://workshop.360view.link/360viewer/360view.html?d=0802253-RA-82-1-
ra80-2,RADIANT - 8.03 Carat,"<iframe src=""https://workshop.360view.link/360viewer/360view.html?d=3101252-RA-80-2"" width=""100%"" height=""500px""></iframe>",Evening Mall,Diamond,,True,Weight,8.03,RA80 2,219,g,https://workshop.360view.link/360viewer/360view.html?d=3101252-RA-80-2
ra75-109,RADIANT - 4.09 Carat,"<iframe src=""https://workshop.360view.link/360viewer/360view.html?d=0103252-RA-75-109"" width=""100%"" height=""500px""></iframe>",Evening Mall,Diamond,,True,Weight,4.09,RA75 109,159,g,https://workshop.360view.link/360viewer/360view.html?d=0103252-RA-75-109
ra75-108,RADIANT - 4.02 Carat,"<iframe src=""https://workshop.360view.link/360viewer/360view.html?d=0802256-RA75-108"" width=""100%"" height=""500px""></iframe>",Evening Mall,Diamond,,True,Weight,4.02,RA75 108,279,g,https://workshop.360view.link/360viewer/360view.html?d=0802256-RA75-108
ra91-44,RADIANT - 3.04 Carat,"<iframe src=""https://workshop.360view.link/360viewer/360view.html?d=2802254-RA-91-44"" width=""100%"" height=""500px""></iframe>",Evening Mall,Diamond,,True,Weight,3.04,RA91 44,129,g,https://workshop.360view.link/360viewer/360view.html?d=2802254-RA-91-44
ra92-74,RADIANT - 3.04 Carat,,Evening Mall,Diamond,,True,Weight,3.04,RA92 74,169,g,
ra58-44,RADIANT - 3.59 Carat,"<iframe src=""https://workshop.360view.link/360viewer/360view.html?d=2412247-RA58-44"" width=""100%"" height=""500px""></iframe>",Evening Mall,Diamond,,True,Weight,3.59,RA58 44,799,g,https://workshop.360view.link/360viewer/360view.html?d=2412247-RA58-44
ra75-128,RADIANT - 3.52 Carat,"<iframe src=""https://workshop.360view.link/360viewer/360view.html?d=0602254-RA75-128"" width=""100%"" height=""500px""></iframe>",Evening Mall,Diamond,,True,Weight,3.52,RA75 128,159,g,https://workshop.360view.link/360viewer/360view.html?d=0602254-RA75-128
ra92-37,RADIANT - 3.08 Carat,"<iframe src=""https://workshop.360view.link/360viewer/360view.html?d=0103256-RA-92-37"" width=""100%"" height=""500px""></iframe>",Evening Mall,Diamond,,True,Weight,3.08,RA92 37,149,g,https://workshop.360view.link/360viewer/360view.html?d=0103256-RA-92-37
ra92-45,RADIANT - 2.59 Carat,,Evening Mall,Diamond,,True,Weight,2.59,RA92 45,129,g,
ra92-39,RADIANT - 2.05 Carat,,Evening Mall,Diamond,,True,Weight,2.05,RA92 39,139,g,
ra92-33,RADIANT - 2.52 Carat,"<iframe src=""https://workshop.360view.link/360viewer/360view.html?d=2802255-RA-92-33"" width=""100%"" height=""500px""></iframe>",Evening Mall,Diamond,,True,Weight,2.52,RA92 33,139,g,https://workshop.360view.link/360viewer/360view.html?d=2802255-RA-92-33
ra75-47,RADIANT - 2.08 Carat,"<iframe src=""https://workshop.360view.link/360viewer/360view.html?d=2201255-RA-75-47"" width=""100%"" height=""500px""></iframe>",Evening Mall,Diamond,,True,Weight,2.08,RA75 47,189,g,https://workshop.360view.link/360viewer/360view.html?d=2201255-RA-75-47
ra92-103,RADIANT - 2.04 Carat,"<iframe src=""https://workshop.360view.link/360viewer/360view.html?d=2502254-RA92-103"" width=""100%"" height=""500px""></iframe>",Evening Mall,Diamond,,True,Weight,2.04,RA92 103,129,g,https://workshop.360view.link/360viewer/360view.html?d=2502254-RA92-103
ra75-119a,RADIANT - 2.02 Carat,"<iframe src=""https://workshop.360view.link/360viewer/360view.html?d=1802254-RA-75-119A"" width=""100%"" height=""500px""></iframe>",Evening Mall,Diamond,,True,Weight,2.02,RA75 119A,189,g,https://workshop.360view.link/360viewer/360view.html?d=1802254-RA-75-119A
ra85-38,RADIANT - 1.09 Carat,"<iframe src=""https://workshop.360view.link/360viewer/360view.html?d=0602251-RA85-38"" width=""100%"" height=""500px""></iframe>",Evening Mall,Diamond,,True,Weight,1.09,RA85 38,99,g,https://workshop.360view.link/360viewer/360view.html?d=0602251-RA85-38
ra85-61a,RADIANT - 1.03 Carat,"<iframe src=""https://workshop.360view.link/360viewer/360view.html?d=0302258-RA85-61A"" width=""100%"" height=""500px""></iframe>",Evening Mall,Diamond,,True,Weight,1.03,RA85 61A,109,g,https://workshop.360view.link/360viewer/360view.html?d=0302258-RA85-61A
ra51-18a,RADIANT - 1.81 Carat,"<iframe src=""https://workshop.360view.link/360viewer/360view.html?d=2410243-ra-51-18-a"" width=""100%"" height=""500px""></iframe>",Evening Mall,Diamond,,True,Weight,1.81,RA51 18A,109,g,https://workshop.360view.link/360viewer/360view.html?d=2410243-ra-51-18-a
ra82-5a,RADIANT - 1.59 Carat,"<iframe src=""https://workshop.360view.link/360viewer/360view.html?d=0302257-RA-82-5-A"" width=""100%"" height=""500px""></iframe>",Evening Mall,Diamond,,True,Weight,1.59,RA82 5A,119,g,https://workshop.360view.link/360viewer/360view.html?d=0302257-RA-82-5-A
ra91-26a,RADIANT - 1.59 Carat,,Evening Mall,Diamond,,True,Weight,1.59,RA91 26A,129,g,
ra85-4-,RADIANT - 1.58 Carat,"<iframe src=""https://workshop.360view.link/360viewer/360view.html?d=1802257-RA85-4"" width=""100%"" height=""500px""></iframe>",Evening Mall,Diamond,,True,Weight,1.58,RA85 4,119,g,https://workshop.360view.link/360viewer/360view.html?d=1802257-RA85-4
ra75-12a,RADIANT - 1.55 Carat,"<iframe src=""https://workshop.360view.link/360viewer/360view.html?d=1802256-RA-75-12A"" width=""100%"" height=""500px""></iframe>",Evening Mall,Diamond,,True,Weight,1.55,RA75 12A,169,g,https://workshop.360view.link/360viewer/360view.html?d=1802256-RA-75-12A
ra93-3a,RADIANT - 1.54 Carat,"<iframe src=""https://workshop.360view.link/360viewer/360view.html?d=2702254-RA93-3A"" width=""100%"" height=""500px""></iframe>",Evening Mall,Diamond,,True,Weight,1.54,RA93 3A,119,g,https://workshop.360view.link/360viewer/360view.html?d=2702254-RA93-3A
ra78-22,PRINCESS - 2.5 Carat,"<iframe src=""https://workshop.360view.link/360viewer/360view.html?d=2501252-ra78-22"" width=""100%"" height=""500px""></iframe>",Evening Mall,Diamond,,True,Weight,2.5,RA78 22,129,g,https://workshop.360view.link/360viewer/360view.html?d=2501252-ra78-22
ra56-183,PRINCESS - 2.4 Carat,"<iframe src=""https://workshop.360view.link/360viewer/360view.html?d=2410248-ra-56-183"" width=""100%"" height=""500px""></iframe>",Evening Mall,Diamond,,True,Weight,2.4,RA56 183,139,g,https://workshop.360view.link/360viewer/360view.html?d=2410248-ra-56-183
ra85-58,PRINCESS - 1.59 Carat,,Evening Mall,Diamond,,True,Weight,1.59,RA85 58,129,g,
ra82-11c,PEAR Modified  - 1.04 Carat,"<iframe src=""https://workshop.360view.link/360viewer/360view.html?d=1802252-RA82-11-C"" width=""100%"" height=""500px""></iframe>",Evening Mall,Diamond,,True,Weight,1.04,RA82 11C,139,g,https://workshop.360view.link/360viewer/360view.html?d=1802252-RA82-11-C
ra82-6,PEAR - 9.02 Carat,"<iframe src=""https://workshop.360view.link/360viewer/360view.html?d=1102250-RA-82-6-D"" width=""100%"" height=""500px""></iframe>",Evening Mall,Diamond,,True,Weight,9.02,RA82 6,229,g,https://workshop.360view.link/360viewer/360view.html?d=1102250-RA-82-6-D
ra82-10,PEAR - 9.02 Carat,"<iframe src=""https://workshop.360view.link/360viewer/360view.html?d=2002254-RA-82-10"" width=""100%"" height=""500px""></iframe>",Evening Mall,Diamond,,True,Weight,9.02,RA82 10,229,g,https://workshop.360view.link/360viewer/360view.html?d=2002254-RA-82-10
ra86-2,PEAR - 7.02 Carat,"<iframe src=""https://workshop.360view.link/360viewer/360view.html?d=2002250-RA-86-2"" width=""100%"" height=""500px""></iframe>",Evening Mall,Diamond,,True,Weight,7.02,RA86 2,199,g,https://workshop.360view.link/360viewer/360view.html?d=2002250-RA-86-2
ra77-11,PEAR - 4.05 Carat,"<iframe src=""https://workshop.360view.link/360viewer/360view.html?d=1502257-RA-77-11"" width=""100%"" height=""500px""></iframe>",Evening Mall,Diamond,,True,Weight,4.05,RA77 11,129,g,https://workshop.360view.link/360viewer/360view.html?d=1502257-RA-77-11
ra89-6a,PEAR - 4.53 Carat,"<iframe src=""https://workshop.360view.link/360viewer/360view.html?d=2402251-RA-89-6-A"" width=""100%"" height=""500px""></iframe>",Evening Mall,Diamond,,True,Weight,4.53,RA89 6A,149,g,https://workshop.360view.link/360viewer/360view.html?d=2402251-RA-89-6-A
ra89-12c,PEAR - 4.09 Carat,"<iframe src=""https://workshop.360view.link/360viewer/360view.html?d=2802256-RA-89-12-C"" width=""100%"" height=""500px""></iframe>",Evening Mall,Diamond,,True,Weight,4.09,RA89 12C,139,g,https://workshop.360view.link/360viewer/360view.html?d=2802256-RA-89-12-C
ra88-31,PEAR - 4.07 Carat,"<iframe src=""https://workshop.360view.link/360viewer/360view.html?d=1902254-RA-88-31"" width=""100%"" height=""500px""></iframe>",Evening Mall,Diamond,,True,Weight,4.07,RA88 31,139,g,https://workshop.360view.link/360viewer/360view.html?d=1902254-RA-88-31
ra88-24,PEAR - 4.04 Carat,"<iframe src=""https://workshop.360view.link/360viewer/360view.html?d=0103255-RA-88-24"" width=""100%"" height=""500px""></iframe>",Evening Mall,Diamond,,True,Weight,4.04,RA88 24,129,g,https://workshop.360view.link/360viewer/360view.html?d=0103255-RA-88-24
ra99-23,PEAR - 4.02 Carat,"<iframe src=""https://workshop.360view.link/360viewer/360view.html?d=2702254-RA-99-23"" width=""100%"" height=""500px""></iframe>",Evening Mall,Diamond,,True,Weight,4.02,RA99 23,149,g,https://workshop.360view.link/360viewer/360view.html?d=2702254-RA-99-23
ra75-110,PEAR - 4.0 Carat,"<iframe src=""https://workshop.360view.link/360viewer/360view.html?d=0103255-RA-75-110"" width=""100%"" height=""500px""></iframe>",Evening Mall,Diamond,,True,Weight,4.0,RA75 110,139,g,https://workshop.360view.link/360viewer/360view.html?d=0103255-RA-75-110
ra88-36a,PEAR - 3.09 Carat,"<iframe src=""https://workshop.360view.link/360viewer/360view.html?d=0802253-RA88-36A"" width=""100%"" height=""500px""></iframe>",Evening Mall,Diamond,,True,Weight,3.09,RA88 36A,139,g,https://workshop.360view.link/360viewer/360view.html?d=0802253-RA88-36A
ra88-19,PEAR - 3.09 Carat,,Evening Mall,Diamond,,True,Weight,3.09,RA88 19,139,g,
ra87-16a,PEAR - 3.03 Carat,"<iframe src=""https://workshop.360view.link/360viewer/360view.html?d=0802258-RA87-16A"" width=""100%"" height=""500px""></iframe>",Evening Mall,Diamond,,True,Weight,3.03,RA87 16A,139,g,https://workshop.360view.link/360viewer/360view.html?d=0802258-RA87-16A
ra92-96,PEAR - 3.01 Carat,,Evening Mall,Diamond,,True,Weight,3.01,RA92 96,129,g,
ra89-5b,PEAR - 3.0 Carat,"<iframe src=""https://workshop.360view.link/360viewer/360view.html?d=2402253-RA-89-5B"" width=""100%"" height=""500px""></iframe>",Evening Mall,Diamond,,True,Weight,3.0,RA89 5B,119,g,https://workshop.360view.link/360viewer/360view.html?d=2402253-RA-89-5B
ra92-134,PEAR - 3.0 Carat,,Evening Mall,Diamond,,True,Weight,3.0,RA92 134,139,g,
ra89-8b,PEAR - 2.56 Carat,"<iframe src=""https://workshop.360view.link/360viewer/360view.html?d=2802253-RA-89-8-B"" width=""100%"" height=""500px""></iframe>",Evening Mall,Diamond,,True,Weight,2.56,RA89 8B,129,g,https://workshop.360view.link/360viewer/360view.html?d=2802253-RA-89-8-B
ra69-46,PEAR - 2.5 Carat,"<iframe src=""https://workshop.360view.link/360viewer/360view.html?d=2112243-ra-69-46"" width=""100%"" height=""500px""></iframe>",Evening Mall,Diamond,,True,Weight,2.5,RA69 46,129,g,https://workshop.360view.link/360viewer/360view.html?d=2112243-ra-69-46
ra89-2b,PEAR - 2.57 Carat,"<iframe src=""https://workshop.360view.link/360viewer/360view.html?d=2502251-RA-89-2-B"" width=""100%"" height=""500px""></iframe>",Evening Mall,Diamond,,True,Weight,2.57,RA89 2B,139,g,https://workshop.360view.link/360viewer/360view.html?d=2502251-RA-89-2-B
ra76-6a,PEAR - 2.55 Carat,"<iframe src=""https://workshop.360view.link/360viewer/360view.html?d=2701250-RA-76-6-A"" width=""100%"" height=""500px""></iframe>",Evening Mall,Diamond,,True,Weight,2.55,RA76 6A,139,g,https://workshop.360view.link/360viewer/360view.html?d=2701250-RA-76-6-A
ra75-133,PEAR - 2.54 Carat,,Evening Mall,Diamond,,True,Weight,2.54,RA75 133,129,g,
ra97-3a,PEAR - 2.09 Carat,"<iframe src=""https://workshop.360view.link/360viewer/360view.html?d=2502252-RA-97-3A"" width=""100%"" height=""500px""></iframe>",Evening Mall,Diamond,,True,Weight,2.09,RA97 3A,109,g,https://workshop.360view.link/360viewer/360view.html?d=2502252-RA-97-3A
ra92-2,PEAR - 2.08 Carat,,Evening Mall,Diamond,,True,Weight,2.08,RA92 2,119,g,
ra97-29a,PEAR - 2.01 Carat,,Evening Mall,Diamond,,True,Weight,2.01,RA97 29A,129,g,
ra77-43a,PEAR - 2.0 Carat,,Evening Mall,Diamond,,True,Weight,2.0,RA77 43A,139,g,
ra80-11a,PEAR - 2.0 Carat,"<iframe src=""https://workshop.360view.link/360viewer/360view.html?d=2801257-RA80-11-A"" width=""100%"" height=""500px""></iframe>",Evening Mall,Diamond,,True,Weight,2.0,RA80 11A,129,g,https://workshop.360view.link/360viewer/360view.html?d=2801257-RA80-11-A
ra84-11a,PEAR - 2.0 Carat,"<iframe src=""https://workshop.360view.link/360viewer/360view.html?d=3101252-RA-84-11-A"" width=""100%"" height=""500px""></iframe>",Evening Mall,Diamond,,True,Weight,2.0,RA84 11A,119,g,https://workshop.360view.link/360viewer/360view.html?d=3101252-RA-84-11-A
ra75-113,PEAR - 2.0 Carat,,Evening Mall,Diamond,,True,Weight,2.0,RA75 113,139,g,
ra92-72,PEAR - 2.51 Carat,,Evening Mall,Diamond,,True,Weight,2.51,RA92 72,129,g,
ra75-103a,PEAR - 2.05 Carat,,Evening Mall,Diamond,,True,Weight,2.05,RA75 103A,129,g,
ra82-10a,PEAR - 2.04 Carat,"<iframe src=""https://workshop.360view.link/360viewer/360view.html?d=2401254-RA-82-10A"" width=""100%"" height=""500px""></iframe>",Evening Mall,Diamond,,True,Weight,2.04,RA82 10A,109,g,https://workshop.360view.link/360viewer/360view.html?d=2401254-RA-82-10A
ra95-4a,PEAR - 2.01 Carat,,Evening Mall,Diamond,,True,Weight,2.01,RA95 4A,139,g,
ra76-3c,PEAR - 2.01 Carat,"<iframe src=""https://workshop.360view.link/360viewer/360view.html?d=2201251-RA-76-3-C"" width=""100%"" height=""500px""></iframe>",Evening Mall,Diamond,,True,Weight,2.01,RA76 3C,119,g,https://workshop.360view.link/360viewer/360view.html?d=2201251-RA-76-3-C
ra81-12a,PEAR - 1.09 Carat,"<iframe src=""https://workshop.360view.link/360viewer/360view.html?d=0802250-RA81-12-A"" width=""100%"" height=""500px""></iframe>",Evening Mall,Diamond,,True,Weight,1.09,RA81 12A,99,g,https://workshop.360view.link/360viewer/360view.html?d=0802250-RA81-12-A
r87-19a,PEAR - 1.59 Carat,"<iframe src=""https://workshop.360view.link/360viewer/360view.html?d=2002255-RA87-19A"" width=""100%"" height=""500px""></iframe>",Evening Mall,Diamond,,True,Weight,1.59,R87 19A,99,g,https://workshop.360view.link/360viewer/360view.html?d=2002255-RA87-19A
ra92-15a,PEAR - 1.5 Carat,,Evening Mall,Diamond,,True,Weight,1.5,RA92 15A,99,g,
ra82-11b,PEAR - 1.1 Carat,,Evening Mall,Diamond,,True,Weight,1.1,RA82 11B,99,g,
ra96-15a,PEAR - 1.57 Carat,"<iframe src=""https://workshop.360view.link/360viewer/360view.html?d=2502258-RA-96-15A"" width=""100%"" height=""500px""></iframe>",Evening Mall,Diamond,,True,Weight,1.57,RA96 15A,119,g,https://workshop.360view.link/360viewer/360view.html?d=2502258-RA-96-15A
ra92-107a,PEAR - 1.56 Carat,"<iframe src=""https://workshop.360view.link/360viewer/360view.html?d=2502252-RA92-107a"" width=""100%"" height=""500px""></iframe>",Evening Mall,Diamond,,True,Weight,1.56,RA92 107A,119,g,https://workshop.360view.link/360viewer/360view.html?d=2502252-RA92-107a
ra92-41a,PEAR - 1.56 Carat,,Evening Mall,Diamond,,True,Weight,1.56,RA92 41A,109,g,
ra85-28,PEAR - 1.53 Carat,"<iframe src=""https://workshop.360view.link/360viewer/360view.html?d=2502253-RA85-28"" width=""100%"" height=""500px""></iframe>",Evening Mall,Diamond,,True,Weight,1.53,RA85 28,109,g,https://workshop.360view.link/360viewer/360view.html?d=2502253-RA85-28
ra66-1a,PEAR - 1.51 Carat,"<iframe src=""https://workshop.360view.link/360viewer/360view.html?d=2801253-RA66-1-A"" width=""100%"" height=""500px""></iframe>",Evening Mall,Diamond,,True,Weight,1.51,RA66 1A,149,g,https://workshop.360view.link/360viewer/360view.html?d=2801253-RA66-1-A
ra84-9a,PEAR - 1.5 Carat,"<iframe src=""https://workshop.360view.link/360viewer/360view.html?d=0302252-RA84-9-A"" width=""100%"" height=""500px""></iframe>",Evening Mall,Diamond,,True,Weight,1.5,RA84 9A,109,g,https://workshop.360view.link/360viewer/360view.html?d=0302252-RA84-9-A
ra84-10a,PEAR - 1.5 Carat,"<iframe src=""https://workshop.360view.link/360viewer/360view.html?d=0302257-RA-84-10A"" width=""100%"" height=""500px""></iframe>",Evening Mall,Diamond,,True,Weight,1.5,RA84 10A,109,g,https://workshop.360view.link/360viewer/360view.html?d=0302257-RA-84-10A
ra77-13a,PEAR - 1.5 Carat,"<iframe src=""https://workshop.360view.link/360viewer/360view.html?d=2002252-RA77-13A"" width=""100%"" height=""500px""></iframe>",Evening Mall,Diamond,,True,Weight,1.5,RA77 13A,109,g,https://workshop.360view.link/360viewer/360view.html?d=2002252-RA77-13A
ra76-3a,PEAR - 1.5 Carat,"<iframe src=""https://workshop.360view.link/360viewer/360view.html?d=0103252-RA76-3-A"" width=""100%"" height=""500px""></iframe>",Evening Mall,Diamond,,True,Weight,1.5,RA76 3A,119,g,https://workshop.360view.link/360viewer/360view.html?d=0103252-RA76-3-A
ra68-18a,PEAR - 1.09 Carat,"<iframe src=""https://workshop.360view.link/360viewer/360view.html?d=2201251-ra68-18a"" width=""100%"" height=""500px""></iframe>",Evening Mall,Diamond,,True,Weight,1.09,RA68 18A,319,g,https://workshop.360view.link/360viewer/360view.html?d=2201251-ra68-18a
ra66-25a,PEAR - 1.09 Carat,"<iframe src=""https://workshop.360view.link/360viewer/360view.html?d=1812245-RA66-25-A"" width=""100%"" height=""500px""></iframe>",Evening Mall,Diamond,,True,Weight,1.09,RA66 25A,129,g,https://workshop.360view.link/360viewer/360view.html?d=1812245-RA66-25-A
ra66-48b,PEAR - 1.08 Carat,"<iframe src=""https://workshop.360view.link/360viewer/360view.html?d=2112247-ra-66-488"" width=""100%"" height=""500px""></iframe>",Evening Mall,Diamond,,True,Weight,1.08,RA66 48B,99,g,https://workshop.360view.link/360viewer/360view.html?d=2112247-ra-66-488
ra68-12a,PEAR - 1.08 Carat,"<iframe src=""https://workshop.360view.link/360viewer/360view.html?d=2412241-RA68-12-A"" width=""100%"" height=""500px""></iframe>",Evening Mall,Diamond,,True,Weight,1.08,RA68 12A,129,g,https://workshop.360view.link/360viewer/360view.html?d=2412241-RA68-12-A
ra84-10b,PEAR - 1.07 Carat,"<iframe src=""https://workshop.360view.link/360viewer/360view.html?d=0302253-RA84-10-B"" width=""100%"" height=""500px""></iframe>",Evening Mall,Diamond,,True,Weight,1.07,RA84 10B,129,g,https://workshop.360view.link/360viewer/360view.html?d=0302253-RA84-10-B
ra85-56a,PEAR - 1.07 Carat,,Evening Mall,Diamond,,True,Weight,1.07,RA85 56A,99,g,
ra97-36a,PEAR - 1.05 Carat,"<iframe src=""https://workshop.360view.link/360viewer/360view.html?d=2702251-RA-97-36A"" width=""100%"" height=""500px""></iframe>",Evening Mall,Diamond,,True,Weight,1.05,RA97 36A,103,g,https://workshop.360view.link/360viewer/360view.html?d=2702251-RA-97-36A
ra68-5a,PEAR - 1.04 Carat,,Evening Mall,Diamond,,True,Weight,1.04,RA68 5A,129,g,
ra87-7b,PEAR - 1.03 Carat,"<iframe src=""https://workshop.360view.link/360viewer/360view.html?d=1402256-RA87-7-B"" width=""100%"" height=""500px""></iframe>",Evening Mall,Diamond,,True,Weight,1.03,RA87 7B,99,g,https://workshop.360view.link/360viewer/360view.html?d=1402256-RA87-7-B
ra97-6a,PEAR - 1.02 Carat,"<iframe src=""https://workshop.360view.link/360viewer/360view.html?d=2702250-RA-97-6A"" width=""100%"" height=""500px""></iframe>",Evening Mall,Diamond,,True,Weight,1.02,RA97 6A,103,g,https://workshop.360view.link/360viewer/360view.html?d=2702250-RA-97-6A
ra4-404,PEAR - 1.0 Carat,"<iframe src=""https://workshop.360view.link/360viewer/360view.html?d=2410241-ra-52-3-a"" width=""100%"" height=""500px""></iframe>",Evening Mall,Diamond,,True,Weight,1.0,RA4 404,99,g,https://workshop.360view.link/360viewer/360view.html?d=2410241-ra-52-3-a
ra77-20a,PEAR - 1.0 Carat,"<iframe src=""https://workshop.360view.link/360viewer/360view.html?d=2401252-ra77-20a"" width=""100%"" height=""500px""></iframe>",Evening Mall,Diamond,,True,Weight,1.0,RA77 20A,129,g,https://workshop.360view.link/360viewer/360view.html?d=2401252-ra77-20a
ra81-13b,PEAR - 1.0 Carat,,Evening Mall,Diamond,,True,Weight,1.0,RA81 13B,99,g,
ra73-42a,PEAR - 1.59 Carat,"<iframe src=""https://workshop.360view.link/360viewer/360view.html?d=1101250-ra73-42a"" width=""100%"" height=""500px""></iframe>",Evening Mall,Diamond,,True,Weight,1.59,RA73 42A,539,g,https://workshop.360view.link/360viewer/360view.html?d=1101250-ra73-42a
ra90-3b,PEAR - 1.51 Carat,"<iframe src=""https://workshop.360view.link/360viewer/360view.html?d=2502258-RA-90-3-B"" width=""100%"" height=""500px""></iframe>",Evening Mall,Diamond,,True,Weight,1.51,RA90 3B,119,g,https://workshop.360view.link/360viewer/360view.html?d=2502258-RA-90-3-B
ra95-5a,PEAR - 1.51 Carat,"<iframe src=""https://workshop.360view.link/360viewer/360view.html?d=2502256-RA95-5-A"" width=""100%"" height=""500px""></iframe>",Evening Mall,Diamond,,True,Weight,1.51,RA95 5A,129,g,https://workshop.360view.link/360viewer/360view.html?d=2502256-RA95-5-A
ra92-87a,PEAR - 1.5 Carat,"<iframe src=""https://workshop.360view.link/360viewer/360view.html?d=2802254-RA92-87A"" width=""100%"" height=""500px""></iframe>",Evening Mall,Diamond,,True,Weight,1.5,RA92 87A,169,g,https://workshop.360view.link/360viewer/360view.html?d=2802254-RA92-87A
ra54-9a,PEAR - 1.5 Carat,,Evening Mall,Diamond,,True,Weight,1.5,RA54 9A,169,g,
ra92-53a,PEAR - 1.5 Carat,,Evening Mall,Diamond,,True,Weight,1.5,RA92 53A,119,g,
ra89-11b,PEAR - 1.5 Carat,,Evening Mall,Diamond,,True,Weight,1.5,RA89 11B,119,g,
ra53-14a,PEAR - 1.09 Carat,"<iframe src=""https://workshop.360view.link/360viewer/360view.html?d=2010243-ra-53-14a"" width=""100%"" height=""500px""></iframe>",Evening Mall,Diamond,,True,Weight,1.09,RA53 14A,139,g,https://workshop.360view.link/360viewer/360view.html?d=2010243-ra-53-14a
ra52-1a,PEAR - 1.09 Carat,"<iframe src=""https://workshop.360view.link/360viewer/360view.html?d=2410247-RA-51-10-A"" width=""100%"" height=""500px""></iframe>",Evening Mall,Diamond,,True,Weight,1.09,RA52 1A,139,g,https://workshop.360view.link/360viewer/360view.html?d=2410247-RA-51-10-A
ra54-6a,PEAR - 1.08 Carat,"<iframe src=""https://workshop.360view.link/360viewer/360view.html?d=2410243-ra-54-6a"" width=""100%"" height=""500px""></iframe>",Evening Mall,Diamond,,True,Weight,1.08,RA54 6A,139,g,https://workshop.360view.link/360viewer/360view.html?d=2410243-ra-54-6a
ra75-24a,PEAR - 1.08 Carat,"<iframe src=""https://workshop.360view.link/360viewer/360view.html?d=2201258-ra75-24a"" width=""100%"" height=""500px""></iframe>",Evening Mall,Diamond,,True,Weight,1.08,RA75 24A,139,g,https://workshop.360view.link/360viewer/360view.html?d=2201258-ra75-24a
ra86-6a,PEAR - 1.08 Carat,"<iframe src=""https://workshop.360view.link/360viewer/360view.html?d=1802251-RA86-6-A"" width=""100%"" height=""500px""></iframe>",Evening Mall,Diamond,,True,Weight,1.08,RA86 6A,139,g,https://workshop.360view.link/360viewer/360view.html?d=1802251-RA86-6-A
ra82-6b,PEAR - 1.08 Carat,,Evening Mall,Diamond,,True,Weight,1.08,RA82 6B,101,g,
ra82-9c,PEAR - 1.07 Carat,,Evening Mall,Diamond,,True,Weight,1.07,RA82 9C,99,g,
ra75-58a,PEAR - 1.06 Carat,"<iframe src=""https://workshop.360view.link/360viewer/360view.html?d=2701251-RA-75-58A"" width=""100%"" height=""500px""></iframe>",Evening Mall,Diamond,,True,Weight,1.06,RA75 58A,129,g,https://workshop.360view.link/360viewer/360view.html?d=2701251-RA-75-58A
ra82-13b,PEAR - 1.05 Carat,"<iframe src=""https://workshop.360view.link/360viewer/360view.html?d=2401258-RA82-13-B"" width=""100%"" height=""500px""></iframe>",Evening Mall,Diamond,,True,Weight,1.05,RA82 13B,129,g,https://workshop.360view.link/360viewer/360view.html?d=2401258-RA82-13-B
ra72-15a,PEAR - 1.05 Carat,,Evening Mall,Diamond,,True,Weight,1.05,RA72 15A,104,g,
ra80-2b,PEAR - 1.04 Carat,"<iframe src=""https://workshop.360view.link/360viewer/360view.html?d=2701255-RA-80-2-B"" width=""100%"" height=""500px""></iframe>",Evening Mall,Diamond,,True,Weight,1.04,RA80 2B,129,g,https://workshop.360view.link/360viewer/360view.html?d=2701255-RA-80-2-B
ra72-66a,PEAR - 1.03 Carat,"<iframe src=""https://workshop.360view.link/360viewer/360view.html?d=0701252-RA-72-66A"" width=""100%"" height=""500px""></iframe>",Evening Mall,Diamond,,True,Weight,1.03,RA72 66A,99,g,https://workshop.360view.link/360viewer/360view.html?d=0701252-RA-72-66A
ra82-2c,PEAR - 1.01 Carat,,Evening Mall,Diamond,,True,Weight,1.01,RA82 2C,104,g,
ra64-4a,PEAR - 1.0 Carat,"<iframe src=""https://workshop.360view.link/360viewer/360view.html?d=2412244-RA64-4-A-"" width=""100%"" height=""500px""></iframe>",Evening Mall,Diamond,,True,Weight,1.0,RA64 4A,99,g,https://workshop.360view.link/360viewer/360view.html?d=2412244-RA64-4-A-
ra87-12,OVAL - 10.03 Carat,"<iframe src=""https://workshop.360view.link/360viewer/360view.html?d=0302250-RA-87-12"" width=""100%"" height=""500px""></iframe>",Evening Mall,Diamond,,True,Weight,10.03,RA87 12,199,g,https://workshop.360view.link/360viewer/360view.html?d=0302250-RA-87-12
ra87-19,OVAL - 10.01 Carat,"<iframe src=""https://workshop.360view.link/360viewer/360view.html?d=0302251-RA-87-19"" width=""100%"" height=""500px""></iframe>",Evening Mall,Diamond,,True,Weight,10.01,RA87 19,209,g,https://workshop.360view.link/360viewer/360view.html?d=0302251-RA-87-19
ra89-11,OVAL - 10.01 Carat,,Evening Mall,Diamond,,True,Weight,10.01,RA89 11,209,g,
ra99-1,OVAL - 10.03 Carat,"<iframe src=""https://workshop.360view.link/360viewer/360view.html?d=2202257-RA-99-1"" width=""100%"" height=""500px""></iframe>",Evening Mall,Diamond,,True,Weight,10.03,RA99 1,419,g,https://workshop.360view.link/360viewer/360view.html?d=2202257-RA-99-1
ra99-32a,OVAL - 9.05 Carat,"<iframe src=""https://workshop.360view.link/360viewer/360view.html?d=2202255-RA-99-32A"" width=""100%"" height=""500px""></iframe>",Evening Mall,Diamond,,True,Weight,9.05,RA99 32A,249,g,https://workshop.360view.link/360viewer/360view.html?d=2202255-RA-99-32A
ra82-9,OVAL - 9.0 Carat,"<iframe src=""https://workshop.360view.link/360viewer/360view.html?d=0502255-RA-82-9"" width=""100%"" height=""500px""></iframe>",Evening Mall,Diamond,,True,Weight,9.0,RA82 9,219,g,https://workshop.360view.link/360viewer/360view.html?d=0502255-RA-82-9
ra74-1,OVAL - 8.06 Carat,"<iframe src=""https://workshop.360view.link/360viewer/360view.html?d=1902252-RA-74-1"" width=""100%"" height=""500px""></iframe>",Evening Mall,Diamond,,True,Weight,8.06,RA74 1,209,g,https://workshop.360view.link/360viewer/360view.html?d=1902252-RA-74-1
ra82-3,OVAL - 8.01 Carat,"<iframe src=""https://workshop.360view.link/360viewer/360view.html?d=1502258-RA-82-3"" width=""100%"" height=""500px""></iframe>",Evening Mall,Diamond,,True,Weight,8.01,RA82 3,199,g,https://workshop.360view.link/360viewer/360view.html?d=1502258-RA-82-3
ra89-6,OVAL - 7.05 Carat,"<iframe src=""https://workshop.360view.link/360viewer/360view.html?d=2702250-RA-89-6"" width=""100%"" height=""500px""></iframe>",Evening Mall,Diamond,,True,Weight,7.05,RA89 6,179,g,https://workshop.360view.link/360viewer/360view.html?d=2702250-RA-89-6
ra89-4,OVAL - 7.03 Carat,,Evening Mall,Diamond,,True,Weight,7.03,RA89 4,169,g,
ra88-22,OVAL - 5.07 Carat,,Evening Mall,Diamond,,True,Weight,5.07,RA88 22,139,g,
ra88-17,OVAL - 5.03 Carat,,Evening Mall,Diamond,,True,Weight,5.03,RA88 17,139,g,
ra66-50,OVAL - 5.02 Carat,"<iframe src=""https://workshop.360view.link/360viewer/360view.html?d=2112248-RA66-50"" width=""100%"" height=""500px""></iframe>",Evening Mall,Diamond,,True,Weight,5.02,RA66 50,301,g,https://workshop.360view.link/360viewer/360view.html?d=2112248-RA66-50
ra83-6,OVAL - 5.0 Carat,"<iframe src=""https://workshop.360view.link/360viewer/360view.html?d=1502252-RA-836"" width=""100%"" height=""500px""></iframe>",Evening Mall,Diamond,,True,Weight,5.0,RA83 6,159,g,https://workshop.360view.link/360viewer/360view.html?d=1502252-RA-836
ra71-27,OVAL - 4.05 Carat,"<iframe src=""https://workshop.360view.link/360viewer/360view.html?d=0301250-RA-71-27"" width=""100%"" height=""500px""></iframe>",Evening Mall,Diamond,,True,Weight,4.05,RA71 27,449,g,https://workshop.360view.link/360viewer/360view.html?d=0301250-RA-71-27
ra92-81,OVAL - 3.09 Carat,"<iframe src=""https://workshop.360view.link/360viewer/360view.html?d=2402258-RA-92-81"" width=""100%"" height=""500px""></iframe>",Evening Mall,Diamond,,True,Weight,3.09,RA92 81,129,g,https://workshop.360view.link/360viewer/360view.html?d=2402258-RA-92-81
ra88-12a,OVAL - 3.04 Carat,"<iframe src=""https://workshop.360view.link/360viewer/360view.html?d=0302256-RA-88-12-A"" width=""100%"" height=""500px""></iframe>",Evening Mall,Diamond,,True,Weight,3.04,RA88 12A,139,g,https://workshop.360view.link/360viewer/360view.html?d=0302256-RA-88-12-A
ra77-54,OVAL - 3.0 Carat,"<iframe src=""https://workshop.360view.link/360viewer/360view.html?d=2702256-RA-77-54"" width=""100%"" height=""500px""></iframe>",Evening Mall,Diamond,,True,Weight,3.0,RA77 54,139,g,https://workshop.360view.link/360viewer/360view.html?d=2702256-RA-77-54
ra88-34,OVAL - 3.07 Carat,"<iframe src=""https://workshop.360view.link/360viewer/360view.html?d=0103258-RA-88-34"" width=""100%"" height=""500px""></iframe>",Evening Mall,Diamond,,True,Weight,3.07,RA88 34,149,g,https://workshop.360view.link/360viewer/360view.html?d=0103258-RA-88-34
ra88--26,OVAL - 3.1 Carat,,Evening Mall,Diamond,,True,Weight,3.1,RA88- 26,159,g,
ra75-35,OVAL - 3.03 Carat,"<iframe src=""https://workshop.360view.link/360viewer/360view.html?d=2801256-ra75-35"" width=""100%"" height=""500px""></iframe>",Evening Mall,Diamond,,True,Weight,3.03,RA75 35,299,g,https://workshop.360view.link/360viewer/360view.html?d=2801256-ra75-35
ra75-87,OVAL - 3.02 Carat,"<iframe src=""https://workshop.360view.link/360viewer/360view.html?d=0103251-RA-75-87"" width=""100%"" height=""500px""></iframe>",Evening Mall,Diamond,,True,Weight,3.02,RA75 87,149,g,https://workshop.360view.link/360viewer/360view.html?d=0103251-RA-75-87
ra75-99,OVAL - 3.01 Carat,"<iframe src=""https://workshop.360view.link/360viewer/360view.html?d=0103254-RA-75-99"" width=""100%"" height=""500px""></iframe>",Evening Mall,Diamond,,True,Weight,3.01,RA75 99,149,g,https://workshop.360view.link/360viewer/360view.html?d=0103254-RA-75-99
ra92-115,OVAL - 3.09 Carat,"<iframe src=""https://workshop.360view.link/360viewer/360view.html?d=2802254-RA-92-115"" width=""100%"" height=""500px""></iframe>",Evening Mall,Diamond,,True,Weight,3.09,RA92 115,149,g,https://workshop.360view.link/360viewer/360view.html?d=2802254-RA-92-115
ra75-135,OVAL - 3.01 Carat,"<iframe src=""https://workshop.360view.link/360viewer/360view.html?d=2802255-RA75-135"" width=""100%"" height=""500px""></iframe>",Evening Mall,Diamond,,True,Weight,3.01,RA75 135,159,g,https://workshop.360view.link/360viewer/360view.html?d=2802255-RA75-135
ra75-90,OVAL - 3.01 Carat,,Evening Mall,Diamond,,True,Weight,3.01,RA75 90,139,g,
ra87-15a,OVAL - 2.03 Carat,"<iframe src=""https://workshop.360view.link/360viewer/360view.html?d=3101256-RA-87-15A"" width=""100%"" height=""500px""></iframe>",Evening Mall,Diamond,,True,Weight,2.03,RA87 15A,109,g,https://workshop.360view.link/360viewer/360view.html?d=3101256-RA-87-15A
ra92-56,OVAL - 2.02 Carat,,Evening Mall,Diamond,,True,Weight,2.02,RA92 56,119,g,
ra92-98,OVAL - 2.51 Carat,,Evening Mall,Diamond,,True,Weight,2.51,RA92 98,129,g,
ra92-119,OVAL - 2.01 Carat,"<iframe src=""https://workshop.360view.link/360viewer/360view.html?d=0103253-RA92-119"" width=""100%"" height=""500px""></iframe>",Evening Mall,Diamond,,True,Weight,2.01,RA92 119,139,g,https://workshop.360view.link/360viewer/360view.html?d=0103253-RA92-119
ra92-47,OVAL - 2.0 Carat,,Evening Mall,Diamond,,True,Weight,2.0,RA92 47,119,g,
ra72-131,OVAL - 2.5 Carat,,Evening Mall,Diamond,,True,Weight,2.5,RA72 131,139,g,
ra75-67a,OVAL - 2.09 Carat,"<iframe src=""https://workshop.360view.link/360viewer/360view.html?d=2401254-RA-75-67A"" width=""100%"" height=""500px""></iframe>",Evening Mall,Diamond,,True,Weight,2.09,RA75 67A,249,g,https://workshop.360view.link/360viewer/360view.html?d=2401254-RA-75-67A
ra75-94a,OVAL - 2.09 Carat,"<iframe src=""https://workshop.360view.link/360viewer/360view.html?d=1402256-RA75-94A"" width=""100%"" height=""500px""></iframe>",Evening Mall,Diamond,,True,Weight,2.09,RA75 94A,259,g,https://workshop.360view.link/360viewer/360view.html?d=1402256-RA75-94A
ra71-11,OVAL - 2.06 Carat,"<iframe src=""https://workshop.360view.link/360viewer/360view.html?d=1101251-ra71-11"" width=""100%"" height=""500px""></iframe>",Evening Mall,Diamond,,True,Weight,2.06,RA71 11,149,g,https://workshop.360view.link/360viewer/360view.html?d=1101251-ra71-11
ra92-122,OVAL - 2.05 Carat,,Evening Mall,Diamond,,True,Weight,2.05,RA92 122,129,g,
ra75-77a,OVAL - 2.04 Carat,,Evening Mall,Diamond,,True,Weight,2.04,RA75 77A,139,g,
ra75-125a,OVAL - 2.03 Carat,,Evening Mall,Diamond,,True,Weight,2.03,RA75 125A,139,g,
ra75-89,OVAL - 2.01 Carat,,Evening Mall,Diamond,,True,Weight,2.01,RA75 89,129,g,
ra75-82a,OVAL - 2.0 Carat,,Evening Mall,Diamond,,True,Weight,2.0,RA75 82A,139,g,
ra2-200,OVAL - 1.9 Carat,"<iframe src=""https://workshop.360view.link/360viewer/360view.html?d=1603245-RA-2-200"" width=""100%"" height=""500px""></iframe>",Evening Mall,Diamond,,True,Weight,1.9,RA2 200,119,g,https://workshop.360view.link/360viewer/360view.html?d=1603245-RA-2-200
ra87-6a,OVAL - 1.59 Carat,"<iframe src=""https://workshop.360view.link/360viewer/360view.html?d=0302256-RA87-6A"" width=""100%"" height=""500px""></iframe>",Evening Mall,Diamond,,True,Weight,1.59,RA87 6A,709,g,https://workshop.360view.link/360viewer/360view.html?d=0302256-RA87-6A
ra40-45a,OVAL - 1.1 Carat,"<iframe src=""https://workshop.360view.link/360viewer/360view.html?d=0510243-RA-40-45-a"" width=""100%"" height=""500px""></iframe>",Evening Mall,Diamond,,True,Weight,1.1,RA40 45A,99,g,https://workshop.360view.link/360viewer/360view.html?d=0510243-RA-40-45-a
ra62-50,OVAL - 1.08 Carat,"<iframe src=""https://workshop.360view.link/360viewer/360view.html?d=0302256-RA62-50"" width=""100%"" height=""500px""></iframe>",Evening Mall,Diamond,,True,Weight,1.08,RA62 50,139,g,https://workshop.360view.link/360viewer/360view.html?d=0302256-RA62-50
ra85-17a,OVAL - 1.05 Carat,,Evening Mall,Diamond,,True,Weight,1.05,RA85 17A,129,g,
ra75-97,OVAL - 1.99 Carat,"<iframe src=""https://workshop.360view.link/360viewer/360view.html?d=2402256-RA-75-97"" width=""100%"" height=""500px""></iframe>",Evening Mall,Diamond,,True,Weight,1.99,RA75 97,149,g,https://workshop.360view.link/360viewer/360view.html?d=2402256-RA-75-97
ra73-82,OVAL - 1.59 Carat,"<iframe src=""https://workshop.360view.link/360viewer/360view.html?d=1202256-RA73-82"" width=""100%"" height=""500px""></iframe>",Evening Mall,Diamond,,True,Weight,1.59,RA73 82,149,g,https://workshop.360view.link/360viewer/360view.html?d=1202256-RA73-82
ra75-112a,OVAL - 1.59 Carat,"<iframe src=""https://workshop.360view.link/360viewer/360view.html?d=1402258-RA75-112A"" width=""100%"" height=""500px""></iframe>",Evening Mall,Diamond,,True,Weight,1.59,RA75 112A,149,g,https://workshop.360view.link/360viewer/360view.html?d=1402258-RA75-112A
ra75-74a,OVAL - 1.59 Carat,"<iframe src=""https://workshop.360view.link/360viewer/360view.html?d=1802258-RA75-74A"" width=""100%"" height=""500px""></iframe>",Evening Mall,Diamond,,True,Weight,1.59,RA75 74A,149,g,https://workshop.360view.link/360viewer/360view.html?d=1802258-RA75-74A
ra75-69,OVAL - 1.59 Carat,,Evening Mall,Diamond,,True,Weight,1.59,RA75 69,151,g,
ra92-127a,OVAL - 1.55 Carat,"<iframe src=""https://workshop.360view.link/360viewer/360view.html?d=2402256-RA92-127A"" width=""100%"" height=""500px""></iframe>",Evening Mall,Diamond,,True,Weight,1.55,RA92 127A,149,g,https://workshop.360view.link/360viewer/360view.html?d=2402256-RA92-127A
ra70-70a,OVAL - 1.52 Carat,"<iframe src=""https://workshop.360view.link/360viewer/360view.html?d=0701254-RA-7070A"" width=""100%"" height=""500px""></iframe>",Evening Mall,Diamond,,True,Weight,1.52,RA70 70A,219,g,https://workshop.360view.link/360viewer/360view.html?d=0701254-RA-7070A
ra58-12a,OVAL - 1.5 Carat,"<iframe src=""https://workshop.360view.link/360viewer/360view.html?d=2711240-RA-58-12-A"" width=""100%"" height=""500px""></iframe>",Evening Mall,Diamond,,True,Weight,1.5,RA58 12A,699,g,https://workshop.360view.link/360viewer/360view.html?d=2711240-RA-58-12-A
ra41-112a,OVAL - 1.41 Carat,"<iframe src=""https://workshop.360view.link/360viewer/360view.html?d=1710245-RA-41-112-A-"" width=""100%"" height=""500px""></iframe>",Evening Mall,Diamond,,True,Weight,1.41,RA41 112A,101,g,https://workshop.360view.link/360viewer/360view.html?d=1710245-RA-41-112-A-
ra98-163,OVAL - 1.0 Carat,"<iframe src=""https://workshop.360view.link/360viewer/360view.html?d=2702251-RA98-163"" width=""100%"" height=""500px""></iframe>",Evening Mall,Diamond,,True,Weight,1.0,RA98 163,149,g,https://workshop.360view.link/360viewer/360view.html?d=2702251-RA98-163
ra95-2,HEART - 7.03 Carat,"<iframe src=""https://workshop.360view.link/360viewer/360view.html?d=2702250-RA-95-2"" width=""100%"" height=""500px""></iframe>",Evening Mall,Diamond,,True,Weight,7.03,RA95 2,719,g,https://workshop.360view.link/360viewer/360view.html?d=2702250-RA-95-2
ra96-8,HEART - 6.04 Carat,"<iframe src=""https://workshop.360view.link/360viewer/360view.html?d=2702254-RA-96-8"" width=""100%"" height=""500px""></iframe>",Evening Mall,Diamond,,True,Weight,6.04,RA96 8,289,g,https://workshop.360view.link/360viewer/360view.html?d=2702254-RA-96-8
ra96-34,HEART - 4.08 Carat,"<iframe src=""https://workshop.360view.link/360viewer/360view.html?d=2502252-RA-96-34"" width=""100%"" height=""500px""></iframe>",Evening Mall,Diamond,,True,Weight,4.08,RA96 34,199,g,https://workshop.360view.link/360viewer/360view.html?d=2502252-RA-96-34
ra96-39,HEART - 4.03 Carat,"<iframe src=""https://workshop.360view.link/360viewer/360view.html?d=2502258-RA96-39"" width=""100%"" height=""500px""></iframe>",Evening Mall,Diamond,,True,Weight,4.03,RA96 39,569,g,https://workshop.360view.link/360viewer/360view.html?d=2502258-RA96-39
ra96-48,HEART - 4.02 Carat,"<iframe src=""https://workshop.360view.link/360viewer/360view.html?d=2702256-RA-96-48"" width=""100%"" height=""500px""></iframe>",Evening Mall,Diamond,,True,Weight,4.02,RA96 48,199,g,https://workshop.360view.link/360viewer/360view.html?d=2702256-RA-96-48
ra88-10a,HEART - 3.0 Carat,,Evening Mall,Diamond,,True,Weight,3.0,RA88 10A,169,g,
ra92-1,HEART - 3.02 Carat,"<iframe src=""https://workshop.360view.link/360viewer/360view.html?d=2502255-RA-92-1"" width=""100%"" height=""500px""></iframe>",Evening Mall,Diamond,,True,Weight,3.02,RA92 1,179,g,https://workshop.360view.link/360viewer/360view.html?d=2502255-RA-92-1
ra97-49a,HEART - 1.53 Carat,"<iframe src=""https://workshop.360view.link/360viewer/360view.html?d=2402250-RA-97-49A"" width=""100%"" height=""500px""></iframe>",Evening Mall,Diamond,,True,Weight,1.53,RA97 49A,139,g,https://workshop.360view.link/360viewer/360view.html?d=2402250-RA-97-49A
ra98-87,EMERALD Square - 1.01 Carat,"Diamond with VVS1 clarity and ` cut.<br><iframe src=""https://workshop.360view.link/360viewer/360view.html?d=2702250-RA-98-87"" width=""100%"" height=""500px""></iframe>",Evening Mall,Diamond,"D, VVS1, `",True,Weight,1.01,RA98 87,199,g,https://workshop.360view.link/360viewer/360view.html?d=2702250-RA-98-87
ra82-8,EMERALD - 10.05 Carat,"<iframe src=""https://workshop.360view.link/360viewer/360view.html?d=1102254-RA-82-8-D"" width=""100%"" height=""500px""></iframe>",Evening Mall,Diamond,,True,Weight,10.05,RA82 8,230,g,https://workshop.360view.link/360viewer/360view.html?d=1102254-RA-82-8-D
ra81-3,EMERALD - 10.03 Carat,"<iframe src=""https://workshop.360view.link/360viewer/360view.html?d=0802251-RA-81-3-"" width=""100%"" height=""500px""></iframe>",Evening Mall,Diamond,,True,Weight,10.03,RA81 3,129,g,https://workshop.360view.link/360viewer/360view.html?d=0802251-RA-81-3-
ra40-6,EMERALD - 4.02 Carat,"<iframe src=""https://workshop.360view.link/360viewer/360view.html?d=1909241-ra-40-6"" width=""100%"" height=""500px""></iframe>",Evening Mall,Diamond,,True,Weight,4.02,RA40 6,109,g,https://workshop.360view.link/360viewer/360view.html?d=1909241-ra-40-6
ra40-48a,EMERALD - 3.03 Carat,"<iframe src=""https://workshop.360view.link/360viewer/360view.html?d=2709246-RA-40-48A-"" width=""100%"" height=""500px""></iframe>",Evening Mall,Diamond,,True,Weight,3.03,RA40 48A,219,g,https://workshop.360view.link/360viewer/360view.html?d=2709246-RA-40-48A-
ra72-90,EMERALD - 3.01 Carat,"<iframe src=""https://workshop.360view.link/360viewer/360view.html?d=1101251-RA-72-90"" width=""100%"" height=""500px""></iframe>",Evening Mall,Diamond,,True,Weight,3.01,RA72 90,229,g,https://workshop.360view.link/360viewer/360view.html?d=1101251-RA-72-90
ra85-62,EMERALD - 1.59 Carat,"<iframe src=""https://workshop.360view.link/360viewer/360view.html?d=2501253-RA-85-62"" width=""100%"" height=""500px""></iframe>",Evening Mall,Diamond,,True,Weight,1.59,RA85 62,119,g,https://workshop.360view.link/360viewer/360view.html?d=2501253-RA-85-62
ra2-500,EMERALD - 1.99 Carat,"<iframe src=""https://workshop.360view.link/360viewer/360view.html?d=1212240-12b24757"" width=""100%"" height=""500px""></iframe>",Evening Mall,Diamond,,True,Weight,1.99,RA2 500,129,g,https://workshop.360view.link/360viewer/360view.html?d=1212240-12b24757
ra41-75,EMERALD - 1.8 Carat,"<iframe src=""https://workshop.360view.link/360viewer/360view.html?d=1510247-RA-41-75"" width=""100%"" height=""500px""></iframe>",Evening Mall,Diamond,,True,Weight,1.8,RA41 75,139,g,https://workshop.360view.link/360viewer/360view.html?d=1510247-RA-41-75
ra98-63,EMERALD - 1.6 Carat,"<iframe src=""https://workshop.360view.link/360viewer/360view.html?d=2202255-RA98-63"" width=""100%"" height=""500px""></iframe>",Evening Mall,Diamond,,True,Weight,1.6,RA98 63,111,g,https://workshop.360view.link/360viewer/360view.html?d=2202255-RA98-63
ra98-111,EMERALD - 1.06 Carat,"<iframe src=""https://workshop.360view.link/360viewer/360view.html?d=2702257-RA-98-111"" width=""100%"" height=""500px""></iframe>",Evening Mall,Diamond,,True,Weight,1.06,RA98 111,101,g,https://workshop.360view.link/360viewer/360view.html?d=2702257-RA-98-111
ra98-67,EMERALD - 1.52 Carat,"<iframe src=""https://workshop.360view.link/360viewer/360view.html?d=2402257-RA-98-67"" width=""100%"" height=""500px""></iframe>",Evening Mall,Diamond,,True,Weight,1.52,RA98 67,149,g,https://workshop.360view.link/360viewer/360view.html?d=2402257-RA-98-67
ra98-172,EMERALD - 1.5 Carat,"<iframe src=""https://workshop.360view.link/360viewer/360view.html?d=2202251-RA-98-172"" width=""100%"" height=""500px""></iframe>",Evening Mall,Diamond,,True,Weight,1.5,RA98 172,301,g,https://workshop.360view.link/360viewer/360view.html?d=2202251-RA-98-172
ra98-61,EMERALD - 1.08 Carat,,Evening Mall,Diamond,,True,Weight,1.08,RA98 61,119,g,
ra98-112,EMERALD - 1.09 Carat,"<iframe src=""https://workshop.360view.link/360viewer/360view.html?d=2702256-RA-98-112"" width=""100%"" height=""500px""></iframe>",Evening Mall,Diamond,,True,Weight,1.09,RA98 112,139,g,https://workshop.360view.link/360viewer/360view.html?d=2702256-RA-98-112
ra85-43,Cushion SQUARE - 3.06 Carat,"<iframe src=""https://workshop.360view.link/360viewer/360view.html?d=2401258-ra85-43"" width=""100%"" height=""500px""></iframe>",Evening Mall,Diamond,,True,Weight,3.06,RA85 43,139,g,https://workshop.360view.link/360viewer/360view.html?d=2401258-ra85-43
ra96-23,CUSHION - 4.08 Carat,"<iframe src=""https://workshop.360view.link/360viewer/360view.html?d=2502257-RA-96-23"" width=""100%"" height=""500px""></iframe>",Evening Mall,Diamond,,True,Weight,4.08,RA96 23,169,g,https://workshop.360view.link/360viewer/360view.html?d=2502257-RA-96-23
ra78-65,CUSHION - 3.03 Carat,"<iframe src=""https://workshop.360view.link/360viewer/360view.html?d=2401256-RA-78-65"" width=""100%"" height=""500px""></iframe>",Evening Mall,Diamond,,True,Weight,3.03,RA78 65,169,g,https://workshop.360view.link/360viewer/360view.html?d=2401256-RA-78-65
ra14-22,CUSHION - 2.71 Carat,"<iframe src=""https://workshop.360view.link/360viewer/360view.html?d=2709245-ra-14-22"" width=""100%"" height=""500px""></iframe>",Evening Mall,Diamond,,True,Weight,2.71,RA14 22,149,g,https://workshop.360view.link/360viewer/360view.html?d=2709245-ra-14-22
ra69-148,CUSHION - 2.53 Carat,"<iframe src=""https://workshop.360view.link/360viewer/360view.html?d=2612246-ra-69-148"" width=""100%"" height=""500px""></iframe>",Evening Mall,Diamond,,True,Weight,2.53,RA69 148,149,g,https://workshop.360view.link/360viewer/360view.html?d=2612246-ra-69-148
ra33-25,CUSHION - 2.06 Carat,"<iframe src=""https://workshop.360view.link/360viewer/360view.html?d=1708241-RA-33-25"" width=""100%"" height=""500px""></iframe>",Evening Mall,Diamond,,True,Weight,2.06,RA33 25,219,g,https://workshop.360view.link/360viewer/360view.html?d=1708241-RA-33-25
ra61-12,OVAL - 6.03 Carat,"<iframe src=""https://workshop.360view.link/360viewer/360view.html?d=0802250-RA-61-12-"" width=""100%"" height=""500px""></iframe>",Evening Mall,Diamond,,True,Weight,6.03,RA61 12,259,g,https://workshop.360view.link/360viewer/360view.html?d=0802250-RA-61-12-
ra20-4,OVAL - 5.06 Carat,"<iframe src=""https://workshop.360view.link/360viewer/360view.html?d=1409246-ra-20-4-"" width=""100%"" height=""500px""></iframe>",Evening Mall,Diamond,,True,Weight,5.06,RA20 4,259,g,https://workshop.360view.link/360viewer/360view.html?d=1409246-ra-20-4-
ra64-46,OVAL - 5.02 Carat,"<iframe src=""https://workshop.360view.link/360viewer/360view.html?d=0602257-RA-64-46"" width=""100%"" height=""500px""></iframe>",Evening Mall,Diamond,,True,Weight,5.02,RA64 46,249,g,https://workshop.360view.link/360viewer/360view.html?d=0602257-RA-64-46
ra61-35,OVAL - 5.01 Carat,"<iframe src=""https://workshop.360view.link/360viewer/360view.html?d=0602253-RA-61-35"" width=""100%"" height=""500px""></iframe>",Evening Mall,Diamond,,True,Weight,5.01,RA61 35,249,g,https://workshop.360view.link/360viewer/360view.html?d=0602253-RA-61-35
ra55-59,OVAL - 3.51 Carat,"<iframe src=""https://workshop.360view.link/360viewer/360view.html?d=1002256-RA55-59"" width=""100%"" height=""500px""></iframe>",Evening Mall,Diamond,,True,Weight,3.51,RA55 59,239,g,https://workshop.360view.link/360viewer/360view.html?d=1002256-RA55-59
ra42-20,OVAL - 3.5 Carat,"<iframe src=""https://workshop.360view.link/360viewer/360view.html?d=2810243-RA-42-20"" width=""100%"" height=""500px""></iframe>",Evening Mall,Diamond,,True,Weight,3.5,RA42 20,269,g,https://workshop.360view.link/360viewer/360view.html?d=2810243-RA-42-20
ra69-80,OVAL - 3.09 Carat,"<iframe src=""https://workshop.360view.link/360viewer/360view.html?d=1002257-RA69-80"" width=""100%"" height=""500px""></iframe>",Evening Mall,Diamond,,True,Weight,3.09,RA69 80,209,g,https://workshop.360view.link/360viewer/360view.html?d=1002257-RA69-80
ra36-87,PEAR - 2.5 Carat,"<iframe src=""https://workshop.360view.link/360viewer/360view.html?d=1910242-ra-36-87"" width=""100%"" height=""500px""></iframe>",Evening Mall,Diamond,,True,Weight,2.5,RA36 87,239,g,https://workshop.360view.link/360viewer/360view.html?d=1910242-ra-36-87
ra40-28,PEAR - 3.01 Carat,"<iframe src=""https://workshop.360view.link/360viewer/360view.html?d=2711244-RA-40-28"" width=""100%"" height=""500px""></iframe>",Evening Mall,Diamond,,True,Weight,3.01,RA40 28,259,g,https://workshop.360view.link/360viewer/360view.html?d=2711244-RA-40-28
ra42-34,PRINCESS - 3.59 Carat,"<iframe src=""https://workshop.360view.link/360viewer/360view.html?d=2711240-RA-42-34"" width=""100%"" height=""500px""></iframe>",Evening Mall,Diamond,,True,Weight,3.59,RA42 34,599,g,https://workshop.360view.link/360viewer/360view.html?d=2711240-RA-42-34
ra43-1,RADIANT - 5.09 Carat,"<iframe src=""https://workshop.360view.link/360viewer/360view.html?d=0602258-RA-43-1"" width=""100%"" height=""500px""></iframe>",Evening Mall,Diamond,,True,Weight,5.09,RA43 1,259,g,https://workshop.360view.link/360viewer/360view.html?d=0602258-RA-43-1
ra87-7,OVAL - 10.04 Carat,"<iframe src=""https://workshop.360view.link/360viewer/360view.html?d=1502252-RA-87-7"" width=""100%"" height=""500px""></iframe>",Evening Mall,Diamond,,True,Weight,10.04,RA87 7,309,g,https://workshop.360view.link/360viewer/360view.html?d=1502252-RA-87-7
ra87-15,Pear Brilliant - 10.05 Carat,"<iframe src=""https://workshop.360view.link/360viewer/360view.html?d=2002250-RA-87-15"" width=""100%"" height=""500px""></iframe>",Evening Mall,Diamond,,True,Weight,10.05,RA87 15,319,g,https://workshop.360view.link/360viewer/360view.html?d=2002250-RA-87-15
ra56-177,PRINCESS - 2.42 Carat,"<iframe src=""https://workshop.360view.link/360viewer/360view.html?d=2502255-RA56-177"" width=""100%"" height=""500px""></iframe>",Evening Mall,Diamond,,True,Weight,2.42,RA56 177,179,g,https://workshop.360view.link/360viewer/360view.html?d=2502255-RA56-177
